id,tweet,subtask_c,tweet_cleaned,subtask_c_ii,subtask_c_iii
15923,"#WhoIsQ #WheresTheServer #DumpNike #DECLASFISA Democrats Support Antifa, Muslim Brotherhood, MS13, ISIS, Pedophilia, Child Trafficking, Taxpayer Funded Abortion‚Äôs, Election Fraud, Sedition And Treason!!! #LockThemAllUp #WWG1WGA #QAnon ‚Å¶@USER URL",OTH,democrats support antifa muslim brotherhood ms13 isis pedophilia child trafficking taxpayer funded abortion‚Äôs election fraud sedition and treason    ‚Å¶,OTH,OTH
60133,#NoPasaran: Unity demo to oppose the far-right in #London ‚Äì #antifa #Oct13 ‚Äî Enough is Enough! URL,GRP,unity demo to oppose the farright in  ‚Äì   ‚Äî enough is enough,OTH,GRP
83681,. . . What the fuck did he do this time?,IND,what the fuck did he do this time,IND,
65507,@USER Do you get the feeling he is kissing @USER behind so he can humiliate him later?,OTH,do you get the feeling he is kissing  behind so he can humiliate him later,OTH,OTH
34263,#StopKavanaugh he is liar like the rest of the #GOP URL,IND,he is liar like the rest of the,IND,
49139,"@USER @USER Put DeLauro in a police lineup identifying the bag lady"" - she would be picked everytime! She has to be proof either Conn voters are incompetent to vote or she is part of a vast voter fraud conspiracy! No one votes for a woman that gross!""",IND,put delauro in a police lineup identifying the bag lady  she would be picked everytime she has to be proof either conn voters are incompetent to vote or she is part of a vast voter fraud conspiracy no one votes for a woman that gross,IND,
58995,"@ ALL FAMILY/FRIENDS , do not tell me  bad shit that your bf/gf did to you just to go right back to them!!!",GRP,all familyfriends  do not tell me  bad shit that your bfgf did to you just to go right back to them,OTH,GRP
88490,#ChristineBlaseyFord is your #Kavanaugh accuser... #Liberals try this EVERY time... #ConfirmJudgeKavanaugh URL,IND,is your  accuser  try this every time,IND,
46444,"#ArianaAsesina? Is that serious?! Holy shit, please your fucking assholes, don't blame someone for the death of other one. She is sad enough for today, don't you see? It isn't fault of none, he had an overdose and died. End. Stop wanting someone to blame, fuckers.",IND,is that serious holy shit please your fucking assholes dont blame someone for the death of other one she is sad enough for today dont you see it isnt fault of none he had an overdose and died end stop wanting someone to blame fuckers,IND,
60587,@USER How is she hiding her ugly personality. She is the worst.,IND,how is she hiding her ugly personality she is the worst,IND,
44546,@USER @USER @USER @USER @USER @USER @USER @USER @USER I‚Äôm shocked to learn human traffickers had guns.  Some probably illegal too.  CA needs more gun control.  But don‚Äôt worry about the actual crime.  The pic of black guns is worse.,GRP,i‚Äôm shocked to learn human traffickers had guns  some probably illegal too  ca needs more gun control  but don‚Äôt worry about the actual crime  the pic of black guns is worse,OTH,GRP
51628,#Conservatives @USER - You're  a clown!  URL,IND,youre  a clown,IND,
40110,#Kids Beating #Paraplegic #Trump #Boy!  #Left Teach Their #Children Hate Violence!  #schools #teachers #Democrats #Liberals #WalkAway #Moms #Mother #NEA #teachthemyoung #Christian #Catholic #Jews #Evangelicals #family #BlackWomen #BlackTwitter #Blacks #News #Media #Disabled #MAGA URL,GRP,beating      teach their  hate violence,OTH,GRP
15998,*gets all the bitches*,OTH,gets all the bitches,OTH,OTH
96457,#Antifa: Take note of how to protest with civility.   This is why socialism (aka communism) will never win. It is inherently evil and unsustainable. URL,GRP,take note of how to protest with civility   this is why socialism aka communism will never win it is inherently evil and unsustainable,OTH,GRP
70841,@USER omg is he for real ?!?!!??????) this happened in peru like 40 years ago and the Inti devaluated so fucking much that they had to comoletely change the coin system because our money was worthless i-,IND,omg is he for real  this happened in peru like 40 years ago and the inti devaluated so fucking much that they had to comoletely change the coin system because our money was worthless i,IND,
46139,"#Conservatism101   It's not about our disagreements with #Conservatives. Its that Conservatives can't debate honestly, and they have no integrity. Whatever gets them thru today, is all that matters to them. They're fundamentally dishonest people. URL",GRP,its not about our disagreements with  its that conservatives cant debate honestly and they have no integrity whatever gets them thru today is all that matters to them theyre fundamentally dishonest people,OTH,GRP
40386,@USER @USER @USER @USER Then why aren‚Äôt there so many shootings in Virginia?  Jacksonville shooter got his guns IN MARYLAND!! Among the poster children for gun control!  What good did that do?!  You‚Äôre full of crap.,GRP,then why aren‚Äôt there so many shootings in virginia  jacksonville shooter got his guns in maryland among the poster children for gun control  what good did that do  you‚Äôre full of crap,OTH,GRP
98916,"#ANTIFA are bedfellows with The Democratic Socialists of America (DSA) who #JamesOKeefe has exposed as being inserted throughout government, attempting to bring down #America  #Trump #MAGAüá∫üá∏ #DeepState  URL",OTH,are bedfellows with the democratic socialists of america dsa who  has exposed as being inserted throughout government attempting to bring down,OTH,OTH
32190,@USER Antifa has TS level influence. It's scary.,OTH,antifa has ts level influence its scary,OTH,OTH
27550,"@USER I have three accounts. Two quasi-anonymous, and one completely anon. And if twitter ever bans one of the quasi-anon, I'll make two anon accounts and tweet the most insane shit. I will drown twitter in bullshit. If one of those is banned, I'll make even more.",IND,i have three accounts two quasianonymous and one completely anon and if twitter ever bans one of the quasianon ill make two anon accounts and tweet the most insane shit i will drown twitter in bullshit if one of those is banned ill make even more,IND,
24040,#Liberals are so pathetic!  INNOCENT UNTIL PROVEN GUILTY mean much?  #Democrats should look at their own party if they need a rapist to hang!  #KavanaughIsInnocent #WalkAwayFromDemocrats. #LiberalLies are straight from the Pitts of HELL üî• URL,GRP,are so pathetic  innocent until proven guilty mean much   should look at their own party if they need a rapist to hang     are straight from the pitts of hell,OTH,GRP
73516,"$10 Million reallocated from FEMA to ICE. This guy gives zero shits about anyone not named Trump. If you‚Äôre in the mid Atlantic, get out. Now. URL",IND,10 million reallocated from fema to ice this guy gives zero shits about anyone not named trump if you‚Äôre in the mid atlantic get out now,IND,
88905,#FortniteBattleRoyale #XboxShare @USER   Please ban this cheating scum.  he is literally invisible URL,IND,please ban this cheating scum  he is literally invisible,IND,
42112,#SesameStreet #BertandErnie the conversation about this is so unattractive. The creator says he didn't create a character gay and he is being attacked.,GRP,the conversation about this is so unattractive the creator says he didnt create a character gay and he is being attacked,OTH,GRP
37740,#SerenaWilliams is so full of herself...she is just as painful to watch as to listen to...,IND,is so full of herselfshe is just as painful to watch as to listen to,IND,
72405,"#ColinKapernaeck has done nothing but sit on his ass and complain. It‚Äôs time black people and die hard white liberals, who think they are down with the cause aka @USER to wake the heck up or STFU! Colin is not a Civil Rights hero or martyr. No where near it.",IND,has done nothing but sit on his ass and complain it‚Äôs time black people and die hard white liberals who think they are down with the cause aka  to wake the heck up or stfu colin is not a civil rights hero or martyr no where near it,IND,
47445,". JEFF SESSIONS: ‚ÄòLISTEN TO THE ACLU, ANTIFA, BLACK LIVES MATTER‚Äô IF YOU WANT MORE CHICAGO SHOOTINGS  . URL",OTH,jeff sessions ‚Äòlisten to the aclu antifa black lives matter‚Äô if you want more chicago shootings,OTH,OTH
27158,Amazon will ship live Christmas trees to your door ‚Äî but will they stay and put on the damn lights? URL,OTH,amazon will ship live christmas trees to your door ‚Äî but will they stay and put on the damn lights,OTH,OTH
17183,@USER I BET she is a lot safer when she has sex now tho ? Or she wouldn‚Äôt have just one but a few kids . Why cant moms get dicked down too ?,IND,i bet she is a lot safer when she has sex now tho  or she wouldn‚Äôt have just one but a few kids  why cant moms get dicked down too,IND,
42325,#Conservatives Govt ' @USER made my life hell': whistleblowers say they were threatened by regulator; I thought this Govt promised to protect whistleblowers?  URL,OTH,govt   made my life hell whistleblowers say they were threatened by regulator i thought this govt promised to protect whistleblowers,OTH,OTH
15180,#FortniteBattleRoyale #XboxShare @USER   Please ban this cheating scum.  he is literally invisible URL,IND,please ban this cheating scum  he is literally invisible,IND,
58026,#MAGA #Qanon #GreatAwakening #inners #WWG1WGA #NowComesThePain #WalkAway #GoodbyeDemocrats   Ellison Accuser Says She's Been Sidelined By Her Own Party URL,IND,ellison accuser says shes been sidelined by her own party,IND,
81352,#BoycottNFL .@USER You are dead to me. @USER @USER URL,IND,you are dead to me,IND,
33133,"@USER #WalkAwayFromAllDemocrats  Michelle was there 8 years and we sure don't need any more bad advice from her now. We have a new Sheriff in Town, who's  #MAGA.  Get out and VOTE - ALL COLORS, ALL GENDERS (AKA) ALL AMERICANS!!! URL",IND,michelle was there 8 years and we sure dont need any more bad advice from her now we have a new sheriff in town whos    get out and vote  all colors all genders aka all americans,IND,
91036,#BlaseyFord It‚Äôs so comical that liberals always want it both ways first women need to be treated as equals but when it comes to Ford testifying they say it‚Äôs unfair to have more men asking her questions. Which is it Dems are women equal or should we receive special treatment?,GRP,it‚Äôs so comical that liberals always want it both ways first women need to be treated as equals but when it comes to ford testifying they say it‚Äôs unfair to have more men asking her questions which is it dems are women equal or should we receive special treatment,OTH,GRP
22882,"#Ted always has a feel for the most appropriate public behavior. But, often, he is unable to control himself. #GOPDysfunction URL",IND,always has a feel for the most appropriate public behavior but often he is unable to control himself,IND,
40842,"@USER  Stick to Comedy ... You weren't that funny yo start with, but that political commentary of yours is pathetic !!!",IND,stick to comedy  you werent that funny yo start with but that political commentary of yours is pathetic,IND,
73612,@USER #Holder needed to be impeached,IND,needed to be impeached,IND,
15815,#BelieveAllWomen just when I think things can't get dumber.. this happens.. liberals probably don't realize this because they are children but this isn't equality. How about we treat women an men the same.. pretty sure that'll have better results for culture,GRP,just when i think things cant get dumber this happens liberals probably dont realize this because they are children but this isnt equality how about we treat women an men the same pretty sure thatll have better results for culture,OTH,GRP
24049,#SierraBurgessIsALoser  She is me when my phone dings üòÇ,IND,she is me when my phone dings,IND,
79204,@USER #metoo are all racist!,GRP,are all racist,OTH,GRP
46229,#GOP still acting like the wimps they are.. What!? they haven‚Äôt yet realized that Liberals will hate them regardless of their sentiments.. Either Republicans are just too stupid to get out of their own way or they‚Äôre just tilted to far left.. #ConfirmKavanaughNow,GRP,still acting like the wimps they are what they haven‚Äôt yet realized that liberals will hate them regardless of their sentiments either republicans are just too stupid to get out of their own way or they‚Äôre just tilted to far left,OTH,GRP
34669,#DregsOfSociety  ??? #Deplorables   Liberals usually dehumanize those they want to exterminate later URL,GRP,liberals usually dehumanize those they want to exterminate later,OTH,GRP
34575,#EmmyAwards2018 - Ratings tank as expected.  Who can possibly stand to watch so many liberals in one place at one time.,GRP,ratings tank as expected  who can possibly stand to watch so many liberals in one place at one time,OTH,GRP
20357,@USER #Gutierrez has always been nothing more than a #racebaiter,IND,has always been nothing more than a,IND,
52445,"#Elitist #Actors #NBC #Liberals of #Dems in #Hollywood at the #Emmy Awards a 'toothless' #NBC self-promotion onslaught peppered with #MeToo cracks but it was planned, staged and okay because they are #Democrats #Socialist #Liberals of the #Left #WALKAWAY ! URL",IND,of  in  at the  awards a toothless  selfpromotion onslaught peppered with  cracks but it was planned staged and okay because they are    of the,IND,
10991,#DrFord  #DearProfessorFord  Is a FRAUD Female @USER group paid for and organized by #GeorgeSoros URL,IND,is a fraud female  group paid for and organized by,IND,
57135,"#BlueWave #DumpTrump ‚Ä¶give my love 2, or cooperate/compromise w/, conservatives/Trump supporters who constantly vilify marginalized groups, who constantly attack women‚Äôs rights 2 make choices about their own bodies,‚Ä¶",GRP,‚Ä¶give my love 2 or cooperatecompromise w conservativestrump supporters who constantly vilify marginalized groups who constantly attack women‚Äôs rights 2 make choices about their own bodies‚Ä¶,OTH,GRP
72369,#NightMayor 's DT cycle track can easily open Antifa tennis courts inside Crescent Heights until we are able to trash Nenshi‚Äôs communist vape shop!,IND,s dt cycle track can easily open antifa tennis courts inside crescent heights until we are able to trash nenshi‚Äôs communist vape shop,IND,
42192,#ArunJaitleyStepDown He is most shameless #FM in history of India and audacity and shamelessness with which is lies in public is disgrace to post.,GRP,he is most shameless  in history of india and audacity and shamelessness with which is lies in public is disgrace to post,OTH,GRP
43587,"#Conservatives ¬£2 bn Housing on-trick @USER -  What a crock of sh#te""! @USER #HousingCrisis  URL",IND,¬£2 bn housing ontrick    what a crock of sh,IND,
41553,#Coupdetat of #Spain in #Catalona. #Spain is a  #fakedemocracy @USER @USER @USER @USER @USER @USER @USER @USER @USER @USER @USER @USER @USER @USER @USER #cddr #shameonSpain #WakeupEurope @USER @USER URL,GRP,of  in   is a,OTH,GRP
62986,"#Liberalismisamentaldisorder, but it is also a danger to our country. #Liberals are showing themselves to be utterly hateful. They do not CARE about TRUTH, they only care about POWER.",OTH,but it is also a danger to our country  are showing themselves to be utterly hateful they do not care about truth they only care about power,OTH,OTH
70051,@USER These are all  coranated attacks from idiot loons! They will get worse much worse before the election! Can u imagine idiots who want to get rid of the economy and their 401 along with interest rates just because he is not a polished politician? Idiots!,GRP,these are all  coranated attacks from idiot loons they will get worse much worse before the election can u imagine idiots who want to get rid of the economy and their 401 along with interest rates just because he is not a polished politician idiots,OTH,GRP
73642,@USER @USER Awwww she is so stinking cute! How old is she now?,IND,awwww she is so stinking cute how old is she now,IND,
11645,#JoinTheFight    Join the fight against American Communists... Democrats  and  Liberals have taken this crap to the edge and there is no coming back. They are  openly promoting the Destruction of  AMERICA.  #JoinTheFightAgainstCommunism URL,GRP,join the fight against american communists democrats  and  liberals have taken this crap to the edge and there is no coming back they are  openly promoting the destruction of  america,OTH,GRP
72274,@USER @USER has stated that any talk of Zionist involvement in 9/11 is metaphysical masturbation because he is a disinformation agent taking advantage of people of lesser intellect. He should be ashamed of himself but he‚Äôs not because he‚Äôs #Zionel,OTH,has stated that any talk of zionist involvement in 911 is metaphysical masturbation because he is a disinformation agent taking advantage of people of lesser intellect he should be ashamed of himself but he‚Äôs not because he‚Äôs,OTH,OTH
21524,"#Khaleesi kinda watching #HIAC ! Wtf does she think she is, a person? Pffft pathetic URL",IND,kinda watching   wtf does she think she is a person pffft pathetic,IND,
84579,Andü§∑üèΩ‚Äç‚ôÇÔ∏è females b on the same shit URL,GRP,and females b on the same shit,OTH,GRP
59519,#DeclassifyDocuments I love watching liberals like Maria squirm. #Outnumbered,GRP,i love watching liberals like maria squirm,OTH,GRP
51386,"#PoliticsInFocus Look Donald! You are only a duck, stop patronizing me! URL",IND,look donald you are only a duck stop patronizing me,IND,
10918,#CarbonTax works and will put tons more money BACK INTO Canadian pockets.  .@USER  .@USER  .@USER .@USER  Part of why Trudeau won in 2015 was campaigning on a national carbon tax. Conservatives died then. They want another death in 2019...we will oblige. URL,OTH,works and will put tons more money back into canadian pockets         part of why trudeau won in 2015 was campaigning on a national carbon tax conservatives died then they want another death in 2019we will oblige,OTH,OTH
57541,Antonia Evans was either sex trafficked or cremated.,IND,antonia evans was either sex trafficked or cremated,IND,
25125,#TheView stormy was in trapped by a dollar bill in her face poor pornstar but no worries the Democratic Party she is the leader of,IND,stormy was in trapped by a dollar bill in her face poor pornstar but no worries the democratic party she is the leader of,IND,
61295,And these entertainment agencies just gonna have to be an ass about it. URL,OTH,and these entertainment agencies just gonna have to be an ass about it,OTH,OTH
53351,"#Trump Really, everything Trump does is another piece of evidence for obstruction of justice. He is a talking crime machine.",IND,really everything trump does is another piece of evidence for obstruction of justice he is a talking crime machine,IND,
25463,"#DisarmThem? This goes to show how moronic Antifa types are, because this is a good way to encourage some dumbass to rightfully get speedrocked. Open carry users practice weapon retention. Gun grabs will go very badly for you if you try. You will get shot, so don't do it. #2A URL",GRP,this goes to show how moronic antifa types are because this is a good way to encourage some dumbass to rightfully get speedrocked open carry users practice weapon retention gun grabs will go very badly for you if you try you will get shot so dont do it,OTH,GRP
85613,#ChristineBFord #LiberalsAreDesperate @USER every time liberals don't get there way they cry racism or sexual assault. Hard to believe,GRP,every time liberals dont get there way they cry racism or sexual assault hard to believe,OTH,GRP
85886,"#CincinnatiEnquirer steps into #Gun Control FINALLY. Took a #MassShhoting on their damn door step for their #editors to wake up, but better late than never. URL",OTH,steps into  control finally took a  on their damn door step for their  to wake up but better late than never,OTH,OTH
54621,!!!!bitch i‚Äôm fucking coming back URL,IND,bitch i‚Äôm fucking coming back,IND,
80397,#Liberals Are Reaching Peak Desperation To Call On #PhillipRuddock To Talk With #Turnbull To Convince Him To Help with #WentworthVotes 18 Sept 2018  @USER #Auspol #LNP #NSWpol @USER  @USER @USER #LNPMemes URL,GRP,are reaching peak desperation to call on  to talk with  to convince him to help with  18 sept 2018,OTH,GRP
67926,"#Democrat controlled city with strict gun control laws and @USER wants to blame the #GOP Um, isn‚Äôt it you rich #Democrats trying to keep the blacks in poverty? #WalkAway URL",GRP,controlled city with strict gun control laws and  wants to blame the  um isn‚Äôt it you rich  trying to keep the blacks in poverty,OTH,GRP
41588,@USER Got to love that the people making the laws tend to know nothing about the subject they're making the law for. You should hear some of the gun control laws people try to pass here in the states.,GRP,got to love that the people making the laws tend to know nothing about the subject theyre making the law for you should hear some of the gun control laws people try to pass here in the states,OTH,GRP
51948,@USER #WalkAWayFromCatholicism it is a corrupt to the core and become a giant autocratic pedophile ring.,OTH,it is a corrupt to the core and become a giant autocratic pedophile ring,OTH,OTH
28196,"#CALIFORNIA PATRIOTS... especially those in #CA21  Obama/Soros are attempting to take this House seat to get control of Congress.  Say no to TJ Cox.  He is a shill Candidate fronted by the dastardly duo.  Please get out and vote David Valadao for House, Dist 21! Follow @USER URL",IND,patriots especially those in   obamasoros are attempting to take this house seat to get control of congress  say no to tj cox  he is a shill candidate fronted by the dastardly duo  please get out and vote david valadao for house dist 21 follow,IND,
50376,- When she takes her nigga name out her bio. URL,OTH,when she takes her nigga name out her bio,OTH,OTH
45304,#ArrestGeorgeSoros He Funds #DomesticTerrorists #Antifa URL,IND,he funds,IND,
27228,#Conservatives Govt have run up debt in spite of austerity cuts while the rich have doubled their wealth. #inequality  URL via @USER,GRP,govt have run up debt in spite of austerity cuts while the rich have doubled their wealth    via,OTH,GRP
57326,#CrowderConfronts continues to expose that the SJW bullies are paper tigers when conservatives fight back with truth and facts. #dontbeafraid #confrontwithtruth URL,OTH,continues to expose that the sjw bullies are paper tigers when conservatives fight back with truth and facts,OTH,OTH
88221,#BiggBossTelugu2 how many of you #KaushalArmy cum @USER fans... URL,GRP,how many of you  cum  fans,OTH,GRP
97610,"@USER @USER @USER Okay and? Anybody can go to Eredivise and score 15+ goals. Shit league. Bundesliga teams are competitive in euro competitions. Mexico hasn‚Äôt produced any talent like Pulisic in a long time. It‚Äôs okay, maybe you guys will one day.",OTH,okay and anybody can go to eredivise and score 15 goals shit league bundesliga teams are competitive in euro competitions mexico hasn‚Äôt produced any talent like pulisic in a long time it‚Äôs okay maybe you guys will one day,OTH,OTH
63048,#Kalyani is a very stupid teenager. I totally despise her for the atrocities she is doing towards Aunty Anupriya. She blames her for her mom‚Äôs death. She should stop and listen to Anupriya side of the story before she makes vile accusation   #TujhseHaiRaabta #ZeeTVSerials,IND,is a very stupid teenager i totally despise her for the atrocities she is doing towards aunty anupriya she blames her for her mom‚Äôs death she should stop and listen to anupriya side of the story before she makes vile accusation,IND,
30075,#Kalyani is a very stupid teenager. I totally despise her for the atrocities she is doing towards Aunty Anupriya. She blames her for her mom‚Äôs death. She should stop and listen to Anupriya side of the story before she makes vile accusation   #TujhseHaiRaabta #ZeeTVSerials,IND,is a very stupid teenager i totally despise her for the atrocities she is doing towards aunty anupriya she blames her for her mom‚Äôs death she should stop and listen to anupriya side of the story before she makes vile accusation,IND,
60466,"#Christian #America ‚Äì If we go by #Trump‚Äôs example, where liberals support open borders, I guess conservatives support school shootings.   Please explain how this makes America great again.",GRP,‚Äì if we go by ‚Äôs example where liberals support open borders i guess conservatives support school shootings   please explain how this makes america great again,OTH,GRP
25685,@USER @USER @USER She is the most disingenuous person in the Senate. If she was my Senator I would hide in shame after her despicable behavior in the SCOTUS hearings.,IND,she is the most disingenuous person in the senate if she was my senator i would hide in shame after her despicable behavior in the scotus hearings,IND,
16333,#Democrats #Liberals you are being #threatened by #Armed #Nazis and you talk about #disarmament of yourselves and of #Disconnection from the #Military #Lifestyle ?  You should #broadcast your #Armory and #killSkills #RightFuckingNOW URL,GRP,you are being  by   and you talk about  of yourselves and of  from the     you should  your  and,OTH,GRP
78417,"699. Just wanted to tell you you should Hang Out With Me More. i think it‚Äôll be fun! Also, lmao dick for a tongue? So people can easily suck me off. HAHA kidding aside, i aint want a tongue as my dick that looks hella weird.. but my choice was weird to but WHATEVER",IND,699 just wanted to tell you you should hang out with me more i think it‚Äôll be fun also lmao dick for a tongue so people can easily suck me off haha kidding aside i aint want a tongue as my dick that looks hella weird but my choice was weird to but whatever,IND,
51525,#AVALANCHE I'm sorry! I see you! I love you! I was an asshole! You know how we are #maga,IND,im sorry i see you i love you i was an asshole you know how we are,IND,
84550,#FF @USER he is an alien from the future üôåüèªüëΩüåÉ URL,GRP,he is an alien from the future,OTH,GRP
23530,"#FamiliarWife JH-OMG, she is crazy WJ-Wait!....yes, I am interested in assistant manager Cha BH-You guys look like a good pair VO-Are you having some""? Just sit over here JH-Don't do it! WJ-Lets live our own life. Lets do it News-Collision on hwy, there is congestion JH-Woo-jin~ URL",IND,jhomg she is crazy wjwaityes i am interested in assistant manager cha bhyou guys look like a good pair voare you having some just sit over here jhdont do it wjlets live our own life lets do it newscollision on hwy there is congestion jhwoojin,IND,
57284,"#ThingsDarthVaderWouldNeverSay yup , white mask privilege at it's finest. Always trying to keep a black mask down #BlackLivesMatter #Qanon #Antifa #AlexJones #Infowars #StarWars #maytheforcebewithyou #thirdshiftzombies #Podcast #radio #WhiteSupremacy URL",GRP,yup  white mask privilege at its finest always trying to keep a black mask down,OTH,GRP
59700,All I‚Äôm saying if we cool and you feel any type of way about me.. speak the fuck up.,IND,all i‚Äôm saying if we cool and you feel any type of way about me speak the fuck up,IND,
13433,#Cuckservative Traitors Are Worse Than Fortnite Players URL #Conservatives #TriggerWarningRadio,GRP,traitors are worse than fortnite players,OTH,GRP
80197,"#Barbara Boxer If LIBERALS Want to Use RAPE as a Political Tactic! THEY Had Better Have Some HARD EVIDENCE! Her Word Isn't Evidence!!! Its Called HEARSAY . On that note, I Could Say ' YOU  ' Cornered Me In A Bathroom, And put YOUR Hands All Over Me' 35 Years Ago. PROVE ME WRONG URL",IND,boxer if liberals want to use rape as a political tactic they had better have some hard evidence her word isnt evidence its called hearsay  on that note i could say  you   cornered me in a bathroom and put your hands all over me 35 years ago prove me wrong,IND,
79309,#ConstitutionDay It's very odd for the alt right conservatives to say that we are ruining the constitution just because we want #GunControlNow but they are the ones ruining the constitution getting upset because foreigners are coming to this land who are not White wanting to live,GRP,its very odd for the alt right conservatives to say that we are ruining the constitution just because we want  but they are the ones ruining the constitution getting upset because foreigners are coming to this land who are not white wanting to live,OTH,GRP
47696,#LiberalLogic  #Kavanaugh looks predatory. Therefore he's guilty.  #Liberals are DANGEROUS people who should not govern anyone or anything. URL,GRP,looks predatory therefore hes guilty   are dangerous people who should not govern anyone or anything,OTH,GRP
55633,"#OrrinHatch I can‚Äôt believe this sexist , clueless, old fart gets to weigh in on another woman‚Äôs charges against a Supreme Court nominee. And he is spouting the same old nasty shit he spewed 20+ years ago against Anita Hill. His time‚Äôs up! Good riddance Neanderthal!",IND,i can‚Äôt believe this sexist  clueless old fart gets to weigh in on another woman‚Äôs charges against a supreme court nominee and he is spouting the same old nasty shit he spewed 20 years ago against anita hill his time‚Äôs up good riddance neanderthal,IND,
87934,"4. (Part 2) Didn't have to think too hard to come up with Gabriel. They're a lizard themed, glitter bombing, antifa mech pilot using their superhero powers to take down corrupt logging companies. They're a buff lesbian with hearts on their uniform. Literally what's not to love?",GRP,4 part 2 didnt have to think too hard to come up with gabriel theyre a lizard themed glitter bombing antifa mech pilot using their superhero powers to take down corrupt logging companies theyre a buff lesbian with hearts on their uniform literally whats not to love,OTH,GRP
27455,"#Liberals / #Democrats THIS is what you stand for. If not, then #WalkAway URL",GRP,this is what you stand for if not then,OTH,GRP
83466,#Beeto Just Demonstrated How To Lose An Election In #Texas   URL #MAGA @USER #rkba @USER #DVC,IND,just demonstrated how to lose an election in,IND,
48657,And have a bitch thinking you niggas have money and you tf don‚Äôt.,GRP,and have a bitch thinking you niggas have money and you tf don‚Äôt,OTH,GRP
86611,"#Dems are disgusting. They only believe women who accuse conservatives of abuse crimes. When liberals are accused, they ignore the accusations. URL",GRP,are disgusting they only believe women who accuse conservatives of abuse crimes when liberals are accused they ignore the accusations,OTH,GRP
12193,#ChristineBlaseyFord is only being harassed by members of the Antifa the radical arm of the Democratic Party funded by George Soros.  #VoteRedToSaveAmerica,GRP,is only being harassed by members of the antifa the radical arm of the democratic party funded by george soros,OTH,GRP
63985,"50 Cent Calls Out Joe Budden's Bullshit"" On Instagram URL URL",IND,50 cent calls out joe buddens bullshit on instagram,IND,
20522,"#bb20 actually question why do people want Jc to win more than Angela? He has been way meaner, says the n word repeatly, makes fun of eating disorders, and sexually harasses houseguests.She is just as much as an underdog to win so dont use that excuse. #bb20  #tangela",IND,actually question why do people want jc to win more than angela he has been way meaner says the n word repeatly makes fun of eating disorders and sexually harasses houseguestsshe is just as much as an underdog to win so dont use that excuse,IND,
70324,Alright let me get right with God bc Mother Nature is like fuck humans URL,GRP,alright let me get right with god bc mother nature is like fuck humans,OTH,GRP
89329,#Hillary and @ least 16 other #AngryDemocrats #WorldWarQ #WWG1WGA #MAGA #RedTsunami #AmericaFirst #WalkAway #Truth URL,OTH,and  least 16 other,OTH,OTH
11100,#Antifa is recruiting for a designated #terrorist organization URL,OTH,is recruiting for a designated  organization,OTH,OTH
83240,#Hypocrites #DemocratsHateAmerica #LiberalismIsAMentalDisorder EVERYTHING LIBERALS TOUCH TURNS TO ABSOLUTE SHIT... URL,GRP,everything liberals touch turns to absolute shit,OTH,GRP
81890,@USER @USER As I have said the media and money Soros with dip shit Waters is creating a civil war.,IND,as i have said the media and money soros with dip shit waters is creating a civil war,IND,
72037,#Texas Ted Cruz campaign is sending people solicitations disguised as official looking county summons. Elderly residents have been confused by the notice to appear. He is so skeezy.    URL,IND,ted cruz campaign is sending people solicitations disguised as official looking county summons elderly residents have been confused by the notice to appear he is so skeezy,IND,
94607,Anyone who finds M*neta's behavior funny can fuck off and die,GRP,anyone who finds mnetas behavior funny can fuck off and die,OTH,GRP
72531,#GoodMorningAmerica  #TuesdayMotivation #Thankyou #FatherGod the #Americanpeople will begin to see the #truth about our #governmentcorruption @USER @USER @USER #mediaCorruption #NoRedaction #DeclassifyFISA #Declassification completely #Obama #HillaryClinton #Lies #Leakers #liberals URL,OTH,the  will begin to see the  about our         completely,OTH,OTH
98575,"@USER The difference between you and I as I stated before, and this inane asinine comment have solidified is I bring facts and truth, while all you have is lies and bullshit. Present a single shred of credible evidence to support a single thing you've just said. Lies is all you've got.",IND,the difference between you and i as i stated before and this inane asinine comment have solidified is i bring facts and truth while all you have is lies and bullshit present a single shred of credible evidence to support a single thing youve just said lies is all youve got,IND,
58342,@USER Damn I felt this shit. Why you so loud lol,IND,damn i felt this shit why you so loud lol,IND,
39429,#MSNBC #Hardball @USER Bingo you are absolutely correct he cannot bring President Obama down. He can‚Äôt get over how President Obama humiliated him at the White House correspondents dinner and I can guarantee you that is a definite driver of his hate for President Obama,IND,bingo you are absolutely correct he cannot bring president obama down he can‚Äôt get over how president obama humiliated him at the white house correspondents dinner and i can guarantee you that is a definite driver of his hate for president obama,IND,
18786,#CnnIsFakeNews @USER @USER you wonder why your ratings suck... #cnnisajoke #FakeNews #MAGA URL,OTH,you wonder why your ratings suck,OTH,OTH
67049,"#JoeScarborough is a vile excuse for a journalist"". Here he is criticizing #Trump yet refuses to come clean about the death of an intern in his office. Stop talking about everyone else and start talking about YOUR INVOLVEMENT WITH #LORIKLAUSUTIS. @USER",IND,is a vile excuse for a journalist here he is criticizing  yet refuses to come clean about the death of an intern in his office stop talking about everyone else and start talking about your involvement with,IND,
98216,"The Dregs of Society""... more LABELINGand DEHUMANIZING Conservatives.I suggest,WE, Conservatives keep OUR ammo dry and OUR guns loaded..If the Fascist Liberal Left THINK Conservatives WILL go quietly into internment camps or slaughtered in the streets they NEED a REALITY check. URL",OTH,the dregs of society more labelingand dehumanizing conservativesi suggestwe conservatives keep our ammo dry and our guns loadedif the fascist liberal left think conservatives will go quietly into internment camps or slaughtered in the streets they need a reality check,OTH,OTH
37649,#Feinstein you cant say anything truthful.  You are a loers and liar. URL,IND,you cant say anything truthful  you are a loers and liar,IND,
59751,#Nigeria #Naija #9ja 'You are the most incompetent leader in Nigeria‚Äôs history' ‚Äì Atiku blasts Buhari URL By championnewsng Via URL,IND,you are the most incompetent leader in nigeria‚Äôs history ‚Äì atiku blasts buhari  by championnewsng via,IND,
92215,"#Emmys  Well, most of those ex-crackheads are liberals and Democrats; so ...",GRP,well most of those excrackheads are liberals and democrats so,OTH,GRP
22311,@USER #Diversity only works when those joining the new group want to be a part of the team.   #Islam hates every non-Muslim   #Fail  #Unicorns,GRP,only works when those joining the new group want to be a part of the team    hates every nonmuslim,OTH,GRP
75125,// SO WANT TO KICK TWITTERFUCK ASS.,OTH,so want to kick twitterfuck ass,OTH,OTH
21354,"#FailedDemFeinstein should have quit decades ago. She is a disgrace.  Feinstein blames GOP after Kavanaugh accuser stays mum, admits 'I can't say everything's truthful'  URL",IND,should have quit decades ago she is a disgrace  feinstein blames gop after kavanaugh accuser stays mum admits i cant say everythings truthful,IND,
22594,@USER @USER @USER Fascism was also against liberals as is Antifa according to your meme.,GRP,fascism was also against liberals as is antifa according to your meme,OTH,GRP
33394,". a grown ass woman, probably 10 years older than me is currently spreading rumors rather than talking to me about it, nice work you got there satan ‚ù§Ô∏è",IND,a grown ass woman probably 10 years older than me is currently spreading rumors rather than talking to me about it nice work you got there satan,IND,
56513,#Conservatives don‚Äôt care what you post..it‚Äôs @USER propaganda.. URL,OTH,don‚Äôt care what you postit‚Äôs  propaganda,OTH,OTH
59691,#IDIOTS Is there nothing beneath them? Lol. What fools Liberals are! #MAGA #KAG üá∫üá∏üá∫üá∏üá∫üá∏üá∫üá∏üá∫üá∏ URL,GRP,is there nothing beneath them lol what fools liberals are,OTH,GRP
41997,@USER The kindest explanation is that he is tone-deaf.  It's hard to feel kind when he and his ilk do this repeatedly.,IND,the kindest explanation is that he is tonedeaf  its hard to feel kind when he and his ilk do this repeatedly,IND,
56637,"#AmazonPets Etta can be tricky to photograph because of her colouring, but she is BEAUTIFUL and she knows it. She is in charge, has first dibs on treats, and will shout for our attention whenever she comes in the house. She kills wild rabbits but hangs out in the hutch with ours. URL",IND,etta can be tricky to photograph because of her colouring but she is beautiful and she knows it she is in charge has first dibs on treats and will shout for our attention whenever she comes in the house she kills wild rabbits but hangs out in the hutch with ours,IND,
97410,#GeoffreyOwens niggas don‚Äôt really understand...levels to career pursuits,IND,niggas don‚Äôt really understandlevels to career pursuits,IND,
77746,"...what about death _metal_? I want more death METAL... Tell me, you hateful Keebler Elf, WHERE CAN I HAVE MORE DEATH METAL???? URL",IND,what about death metal i want more death metal tell me you hateful keebler elf where can i have more death metal,IND,
17704,"#Kavanaugh is a disciple of Anthony Kennedy, who üéÅed liberals w/3 unconstitutional opinions! He's Trump's con to con conservatives to ü§îing #SCOTUS is moving right! Were @USER smart, they'd do everything to get BK the üèÅ. But they won't! Idiots! #TuesdayThoughts URL",GRP,is a disciple of anthony kennedy who ed liberals w3 unconstitutional opinions hes trumps con to con conservatives to ing  is moving right were  smart theyd do everything to get bk the  but they wont idiots,OTH,GRP
61674,#America  ... tear down that #Wall! URL #tcot #partisanship #Trump #thewall #Borderwall #liberty #civilsociety #think #Conservatives #Democrats #Progressives #liberals #Independent #libertarians #GOP #DNC #CriticalThinking,GRP,tear down that,OTH,GRP
39860,Am I a dickhead ???? Probably yes,IND,am i a dickhead  probably yes,IND,
79934,@USER 'cause everyone knows a real leader falls into a van like a sack of potatoes.....,IND,cause everyone knows a real leader falls into a van like a sack of potatoes,IND,
55048,"#BoycottNike campaign must continue and grow  Paying overseas staff $0.20 an hour is not okay because your staff is over there"".   You are exploiting poor women/men in the world.  This is more than Americans can stand. URL",OTH,campaign must continue and grow  paying overseas staff 020 an hour is not okay because your staff is over there   you are exploiting poor womenmen in the world  this is more than americans can stand,OTH,OTH
76833,"#NEWS Jeff Sessions: If you want more death, 'listen to the ACLU, Antifa, Black Lives Matter'"" URL #CNBC""",OTH,jeff sessions if you want more death listen to the aclu antifa black lives matter,OTH,OTH
55832,#David #Miliband #DavidMiliband flew away  in #NewYork to be with the #US #Liberals #Democrats - had to flee #Corbynists hatred of Jews,GRP,flew away  in  to be with the     had to flee  hatred of jews,OTH,GRP
32056,Anyway this game sucks :),OTH,anyway this game sucks,OTH,OTH
67841,#ibelieveblaseyford is liar she is fat ugly libreal #snowflake she sold her  herself to get some cash !! From dems and Iran  ! Why she spoke after  #JohnKerryIranMeeting ?,IND,is liar she is fat ugly libreal  she sold her  herself to get some cash  from dems and iran   why she spoke after,IND,
94427,#Conservatives do NOT represent all Canadians.   They are Authoritarian scum.   #cdnpoli #onpoli URL,OTH,do not represent all canadians   they are authoritarian scum,OTH,OTH
96594,"#Ford's attorney says she's receiving death threats and has had to move her family to safety"". Where's the proof that #Democrats #Antifa are not doing this to promote this circus?""",GRP,s attorney says shes receiving death threats and has had to move her family to safety wheres the proof that   are not doing this to promote this circus,OTH,GRP
62689,#scottgimple ruined #TheWalkingDead and now he is doing the same to #FearTWD . Hope the checks cash forever because he should never get another job. #AMC,IND,ruined  and now he is doing the same to   hope the checks cash forever because he should never get another job,IND,
35968,Another season for Tom Brady to give it to these niggas,GRP,another season for tom brady to give it to these niggas,OTH,GRP
14516,"#LifeIsButepu when you are black and can say the word nigga"". Feel me my niggas??? URL",GRP,when you are black and can say the word nigga feel me my niggas,OTH,GRP
15866,#Austerity Low pay #TuitionFees  Lack of housing Wages falling #UniversalCredit Unaffordable rents #NHS crisis Crap railways Empty shops #Brexit No deal exit from EU #Windrush #Grenfell   In just 8 short years the @USER have completely fucked the UK,IND,low pay   lack of housing wages falling  unaffordable rents  crisis crap railways empty shops  no deal exit from eu     in just 8 short years the  have completely fucked the uk,IND,
57185,"@USER #ThoseThatAreTheLoudest are afraid, JUSTICE is coming #Bono is a scam just like the #ClintonFoundation #PedoWood #Haiti URL",GRP,are afraid justice is coming  is a scam just like the,OTH,GRP
91430,"3 days before BBC Radio 2‚Äôs Festival in a Day, they decide to tell us that their headline act isn‚Äôt coming anymore. Thanks a lot, now I‚Äôve paid a fortune to see a tonne of acts who are shit and who are of no interest to me üòëüëçüèª",OTH,3 days before bbc radio 2‚Äôs festival in a day they decide to tell us that their headline act isn‚Äôt coming anymore thanks a lot now i‚Äôve paid a fortune to see a tonne of acts who are shit and who are of no interest to me,OTH,OTH
29203,#tytlive Trump needs to go because he is a danger to the country and the world.  Any way we can get rid of him is good,IND,trump needs to go because he is a danger to the country and the world  any way we can get rid of him is good,IND,
27913,"@USER #DavidHogg, you're nobody.",IND,youre nobody,IND,
46410,"#DeSantis=DeRacist, as bad a choice as he is, he ‚Äúdistanced‚Äù himself from the Prez‚Äôs comments today questioning any deaths in Puerto Rico from Hurricane Maria @USER @USER #whataputz",IND,deracist as bad a choice as he is he ‚Äúdistanced‚Äù himself from the prez‚Äôs comments today questioning any deaths in puerto rico from hurricane maria,IND,
16856,@USER @USER I'll use that one the next time im in a gun control debate or in a debate about free speech or taxes. Yes you can choose to be irresponsible or choose not to be. I argue responsible. Whats wrong with that? Don't justify murder by saying it was never alive or its my right.,GRP,ill use that one the next time im in a gun control debate or in a debate about free speech or taxes yes you can choose to be irresponsible or choose not to be i argue responsible whats wrong with that dont justify murder by saying it was never alive or its my right,OTH,GRP
89200,@USER @USER Who the hell does he think he is?,IND,who the hell does he think he is,IND,
45269,#LiberalismIsAMentalDisorder #Hypocrites #DemocratsHateAmerica #DemocratsAreDangerous EVERYTHING LIBERALS TOUCH TURNS TO ABSOLUTE SHIT. URL,GRP,everything liberals touch turns to absolute shit,OTH,GRP
15437,88% of these niggas have podcasts and YouTube channels dedicated to this and shit ain‚Äôt getting solved so URL,GRP,88 of these niggas have podcasts and youtube channels dedicated to this and shit ain‚Äôt getting solved so,OTH,GRP
91472,Anytime I randomly bust out laughing it‚Äôs because I remembered some dumb shit Albria said üò≠üò≠,IND,anytime i randomly bust out laughing it‚Äôs because i remembered some dumb shit albria said,IND,
98531,@USER @USER üòÇ You do not like the Jewish people because you ALL claims they are holding all the money. Sound familiar? Your left wing libtard  family is the family of the KKK. You do not hate Jews? That‚Äôs funny. Gun control; even funnier. Good luck,GRP,you do not like the jewish people because you all claims they are holding all the money sound familiar your left wing libtard  family is the family of the kkk you do not hate jews that‚Äôs funny gun control even funnier good luck,OTH,GRP
98685,#Liberals always up to dirty tricks to get their way. üëáüëá URL,GRP,always up to dirty tricks to get their way,OTH,GRP
31665,#Conservatives are more upset about #bertenernie being #gay than having a #sexualpredator in the @USER a hooker as @USER and a #rapist as #supremecourtjustice,GRP,are more upset about  being  than having a  in the  a hooker as  and a  as,OTH,GRP
38732,#Antifa protest in #Athens for the 5 years after the murder of Pavlos Fyssas by Golden Dawn.  Their voters are complicit to their crimes. #KillahP URL,GRP,protest in  for the 5 years after the murder of pavlos fyssas by golden dawn  their voters are complicit to their crimes,OTH,GRP
46983,"#Conservatives just like old #Garbage bags blowing in the wind, here's an old garbage bag now... URL",OTH,just like old  bags blowing in the wind heres an old garbage bag now,OTH,OTH
22067,#Bakersfield is why we need gun control! Sorry for the victims other than the gunman himself I hope he rots in hell!,IND,is why we need gun control sorry for the victims other than the gunman himself i hope he rots in hell,IND,
79756,#HonourSacrificeBoycottMatch I hope d human rights rats r happy!hope Sidhu is happy!  I hope d liberals r happy! Let‚Äôs play cricket wth thm let‚Äôs thank thm 4 wht they r doing 2our soldiers Let‚Äôs celebrate our impotence funny a piddly little nation like pak is taking us 4 a ride,GRP,i hope d human rights rats r happyhope sidhu is happy  i hope d liberals r happy let‚Äôs play cricket wth thm let‚Äôs thank thm 4 wht they r doing 2our soldiers let‚Äôs celebrate our impotence funny a piddly little nation like pak is taking us 4 a ride,OTH,GRP
99563,#ConfirmKavanaugh ‚úÖ #Kavanaugh #SCOTUS #POTUS45 #PresidentTrump #AmericaFirst #MAGA#KAG üö´Anti #Trump liberal activist Accuser  #Ford makes accusation but  not willing to be subject 2 B question? Suffer the consequence of filing a false charge #LockHerUp  URL,IND,anti  liberal activist accuser   makes accusation but  not willing to be subject 2 b question suffer the consequence of filing a false charge,IND,
23542,"#Resist traitors caught on video breaking our laws to further their #Communist #Socialism ways and slow down the #Trump agenda. They are the DC Chapter of Democrat Socialists of America. Forget anTifa, that is a distraction from the real Resistance. #MAGA  URL",GRP,traitors caught on video breaking our laws to further their   ways and slow down the  agenda they are the dc chapter of democrat socialists of america forget antifa that is a distraction from the real resistance,OTH,GRP
83416,"#ChristineBlaseyFord was grinding #Kavanaugh at a party almost 40yrs ago.....You gotta love the age, of this ridiculous #MeToo movement   Just swear #Kavanaugh in already and get this over with, before #liberals have an anxiety attack like 11/8/16 URL",OTH,was grinding  at a party almost 40yrs agoyou gotta love the age of this ridiculous  movement   just swear  in already and get this over with before  have an anxiety attack like 11816,OTH,OTH
67418,"#CoryBooker is not a hero, he is an American traitor and should be treated as such. Arrest, prosecute, and  carry out sentence. #KavanaughConfirmation URL via @USER",IND,is not a hero he is an american traitor and should be treated as such arrest prosecute and  carry out sentence   via,IND,
58632,100 Round Goon Bitch Is You Kiddin Meü§£,IND,100 round goon bitch is you kiddin me,IND,
35612,@USER #MoreBS = MORE #BARRYSOETOROBULLSHIT,IND,more,IND,
96905,"#tytlive OMG how can a Latino faith based woman think that Trump is Christian.  Wow, he is the poster child for immorality and hating Latinos",IND,omg how can a latino faith based woman think that trump is christian  wow he is the poster child for immorality and hating latinos,IND,
79778,@USER #Carrey is a #pervert himself!,IND,is a  himself,IND,
90328,@USER nigga are you stupid your trash dont play with him play with your bitch üòÇ,IND,nigga are you stupid your trash dont play with him play with your bitch,IND,
71350,#NoOneAskMe But here's my opinion #offset keeping this beef up between #cardiB and @USER he know Cardi slow and believe everything he says.. She is his meal ticket. I just think #offset need to sit his ugly ass down.,IND,but heres my opinion  keeping this beef up between  and  he know cardi slow and believe everything he says she is his meal ticket i just think  need to sit his ugly ass down,IND,
43782,#ICYMI - Liberals' Favorite Myth That Obama Was a Law Professor Is Now Destroyed?! URL,IND,liberals favorite myth that obama was a law professor is now destroyed,IND,
58287,@USER To demonstrate how wholly incapable of carrying a thought to its logical conclusion she is?,IND,to demonstrate how wholly incapable of carrying a thought to its logical conclusion she is,IND,
32061,And she has a pet??? Fucking disgusting URL,IND,and she has a pet fucking disgusting,IND,
63129,"#LiberalHypocrisy #TacoBell When Liberals ask why your against illegal immigration? Taco Bell Employee: No Habla Ingles!"" URL",IND,when liberals ask why your against illegal immigration taco bell employee no habla ingles,IND,
74797,#BlackInkCrewCHI lily they don‚Äôt hate you....you Hate you. You are your own worst enemy cause you let your anger get in the way I legit feel like Shes one of the kids I Work with at my job,IND,lily they don‚Äôt hate youyou hate you you are your own worst enemy cause you let your anger get in the way i legit feel like shes one of the kids i work with at my job,IND,
25177,#JusticeForSoniasFather  Mr Usman buzdar sb! please respond to Sonia Iqbal daughter of PTI counsellor from okara whose father was killed during elections by nawaz league killers. She is saying she will commit suicide in front of media. Where is justice?,OTH,mr usman buzdar sb please respond to sonia iqbal daughter of pti counsellor from okara whose father was killed during elections by nawaz league killers she is saying she will commit suicide in front of media where is justice,OTH,OTH
87428,@USER - WORST POTUS.  EVER!,IND,worst potus  ever,IND,
39400,#Conservatives have no genetic ability to understand #hypocrisy or #irony. Right wing ideology gets ya all twisted in knots. #onpoli  #Ontario  #PartyOfYesteryear  @USER  #FraudNation URL,GRP,have no genetic ability to understand  or  right wing ideology gets ya all twisted in knots,OTH,GRP
88745,#TheView #BothamJean I don't believe #AmyGuyger she is a lying pos! I live near a police station..I hope and pray a cop doesn't bust up in my house thinking it's his/hers and kills me..my God..we/people of color are police prey..we're always in police cross-hairs..no matter what,IND,i dont believe  she is a lying pos i live near a police stationi hope and pray a cop doesnt bust up in my house thinking its hishers and kills memy godwepeople of color are police preywere always in police crosshairsno matter what,IND,
70443,"#Antifa, September 22: Stop the fascist NVU in #Amsterdam! URL",GRP,september 22 stop the fascist nvu in,OTH,GRP
90327,And that‚Äôs why you were at NYFW cause your such a class act.. getcho wack ass outta here URL,IND,and that‚Äôs why you were at nyfw cause your such a class act getcho wack ass outta here,IND,
65545,#GreatestThingsAboutThe90s liberals weren‚Äôt unhinged,GRP,liberals weren‚Äôt unhinged,OTH,GRP
58543,"#Conservatives We mus pray for liberals. They trooly kno knot watt they do. I was brot up socialist democrat, by my wonderful, but, ignorant parents. I served inda military. I learnd I can serve Christ, too. Eye reel -eyesed CONSERVATIVISM was more closely aligned w God.",IND,we mus pray for liberals they trooly kno knot watt they do i was brot up socialist democrat by my wonderful but ignorant parents i served inda military i learnd i can serve christ too eye reel eyesed conservativism was more closely aligned w god,IND,
79222,"#disarmthem #antifa Please NO ONE be stupid enough to do this. Most of us DO NOT open carry, most of us carry concealed. Anyone stupid enough to do this, that is considered an act of aggression and you will be shot We also carry more than one weapon. We shoot to kill, not maim.",GRP,please no one be stupid enough to do this most of us do not open carry most of us carry concealed anyone stupid enough to do this that is considered an act of aggression and you will be shot we also carry more than one weapon we shoot to kill not maim,OTH,GRP
72401,"@USER * Puerto Rico is destroyed; more than 3,000 die * Trump visits, and throws paper rolls at people * 11 months later, Puerto Rico is still waiting for help * Trump says everything is fine, and his visit was a great success  ü§î",IND,puerto rico is destroyed more than 3000 die  trump visits and throws paper rolls at people  11 months later puerto rico is still waiting for help  trump says everything is fine and his visit was a great success,IND,
31354,All these sick ass ppl from school gave me something and now I have to chug down this nasty drink so it can go awayüôÉ,OTH,all these sick ass ppl from school gave me something and now i have to chug down this nasty drink so it can go away,OTH,OTH
29008,#Conservatives are #dumberthandogshit is the central point of my tweet,OTH,are  is the central point of my tweet,OTH,OTH
41590,@USER #Rosie makes me nauseous!ü§Æ URL,IND,makes me nauseous,IND,
72523,#FemiNazis are Liberals so #MeToo only counts when they blame a non-Liberal man. #Bizarro  #KAG2018 ‚ù§Ô∏èüá∫üá∏ URL,GRP,are liberals so  only counts when they blame a nonliberal man,OTH,GRP
14640,"#BREXIT deal HAS been reached - and will be unveiled at special summit in NOVEMBER, Has @USER sold out the #UK to the eu??? She better have not or the @USER are finished!! @USER URL",OTH,deal has been reached  and will be unveiled at special summit in november has  sold out the  to the eu she better have not or the  are finished,OTH,OTH
74909,#crazyredhead in very #angry at the #orange #cheeto  Who claims to be our #president .  She will never accept it.  Denying all the lives lost in Puerto Rico? He is a #monster #‚Ä¶ URL,IND,in very  at the    who claims to be our    she will never accept it  denying all the lives lost in puerto rico he is a  ‚Ä¶,IND,
96397,"#EuropaLeague Song the EU, cash your remaining chips in and p*ss off üëç You've played all your cards and liberals in the U.S too.  Brexiteers and Trump takes it all so be nice eh and life'll be better for everyone.  URL",GRP,song the eu cash your remaining chips in and pss off  youve played all your cards and liberals in the us too  brexiteers and trump takes it all so be nice eh and lifell be better for everyone,OTH,GRP
34030,$1500 for a phone. You all are fucking dumb.,GRP,1500 for a phone you all are fucking dumb,OTH,GRP
29113,"#Kavanaugh The moment #BlaseyFord is exposed as a fraud, expect a new accuser to surface. Liberals are a one trick pony. #LiberalismIsAMentalDisorder",GRP,the moment  is exposed as a fraud expect a new accuser to surface liberals are a one trick pony,OTH,GRP
11286,"#BCOG @USER she is cool, confident, cocky, and she kicks ass!!! @USER @USER @USER URL",IND,she is cool confident cocky and she kicks ass,IND,
41821,@USER oh fuck off üòÇüòÇ,IND,oh fuck off,IND,
76379,#LiberalHypocrisy #criminal #democrat #evidence #ellison #liberals #Hypocrites Keith Ellison domestic violence accuser says Democratic party doesn't believe her story  URL,GRP,keith ellison domestic violence accuser says democratic party doesnt believe her story,OTH,GRP
52080,#DemocratPartyOfDomesticTerrorists #Fascist #Antifa #FemiNazi   Don't Just #WalkAway RUN! URL,GRP,dont just  run,OTH,GRP
51762,#auspol  I don't know why he is still in his job. Seriously. URL,IND,i dont know why he is still in his job seriously,IND,
71592,#MAGA Tell me ONE good thing #trump has done as #president. I dare you! He is the worst president in history.,IND,tell me one good thing  has done as  i dare you he is the worst president in history,IND,
78688,"#ConfirmKavanugh now, stall tactics are DC cronies only recourse. No more delays.  #VoteRed to end this madness and to #MAGA",GRP,now stall tactics are dc cronies only recourse no more delays   to end this madness and to,OTH,GRP
76135,@USER @USER @USER @USER Beats the hell NJ out of me lol. Dude already made the assumption that I'm antifa. He even ignored all the evidence to make that assumption.,IND,beats the hell nj out of me lol dude already made the assumption that im antifa he even ignored all the evidence to make that assumption,IND,
30778,#StopEtchecopar? Fuck you all üñïüñïüñïüñïüñï Que florezcan mil Baby Etchecopar üåªüåªüåª,IND,fuck you all  que florezcan mil baby etchecopar,IND,
22569,"#Antifa are mentally unstable cowards, pretending to be relevant. URL",GRP,are mentally unstable cowards pretending to be relevant,OTH,GRP
48938,@USER @USER And Browning looked like dog shit against the same FCS school. What‚Äôs your point?,IND,and browning looked like dog shit against the same fcs school what‚Äôs your point,IND,
41438,All two of them taste like ass. URL,GRP,all two of them taste like ass,OTH,GRP
73439,#DespicableDems lie again about rifles. Dem Distorted the Law to Push Gun-Control at Kavanaugh Confirmation URL via @USER,GRP,lie again about rifles dem distorted the law to push guncontrol at kavanaugh confirmation  via,OTH,GRP
